{
  "category": {
    "precision": 0.9156626506024096,
    "recall": 0.8735632183908046,
    "f1-score": 0.8941176470588235,
    "support": 87,
    "confused_with": {}
  },
  "name": {
    "precision": 1.0,
    "recall": 0.7142857142857143,
    "f1-score": 0.8333333333333333,
    "support": 28,
    "confused_with": {}
  },
  "phone": {
    "precision": 0.95,
    "recall": 1.0,
    "f1-score": 0.9743589743589743,
    "support": 19,
    "confused_with": {}
  },
  "micro avg": {
    "precision": 0.9349593495934959,
    "recall": 0.8582089552238806,
    "f1-score": 0.8949416342412452,
    "support": 134
  },
  "macro avg": {
    "precision": 0.9552208835341366,
    "recall": 0.8626163108921729,
    "f1-score": 0.900603318250377,
    "support": 134
  },
  "weighted avg": {
    "precision": 0.9381541089732062,
    "recall": 0.8582089552238806,
    "f1-score": 0.8927939488079961,
    "support": 134
  },
  "accuracy": 0.9870379260681709
}