{
  "bot_introduction": {
    "precision": 0.7,
    "recall": 0.4666666666666667,
    "f1-score": 0.56,
    "support": 15,
    "confused_with": {
      "bot_capabilities": 6,
      "goodbye": 1
    }
  },
  "detect_encoded_string": {
    "precision": 1.0,
    "recall": 1.0,
    "f1-score": 1.0,
    "support": 18,
    "confused_with": {}
  },
  "contact": {
    "precision": 0.9411764705882353,
    "recall": 0.7272727272727273,
    "f1-score": 0.8205128205128205,
    "support": 22,
    "confused_with": {
      "book_consult": 2,
      "send_image": 1
    }
  },
  "thanks": {
    "precision": 0.8695652173913043,
    "recall": 1.0,
    "f1-score": 0.9302325581395349,
    "support": 20,
    "confused_with": {}
  },
  "greet": {
    "precision": 0.75,
    "recall": 0.6,
    "f1-score": 0.6666666666666665,
    "support": 15,
    "confused_with": {
      "deny": 3,
      "consult": 1
    }
  },
  "send_image": {
    "precision": 0.7916666666666666,
    "recall": 0.8636363636363636,
    "f1-score": 0.8260869565217391,
    "support": 22,
    "confused_with": {
      "consult": 1,
      "bot_limitations": 1
    }
  },
  "inform_category": {
    "precision": 0.9354838709677419,
    "recall": 1.0,
    "f1-score": 0.9666666666666666,
    "support": 29,
    "confused_with": {}
  },
  "affirm": {
    "precision": 0.76,
    "recall": 0.7037037037037037,
    "f1-score": 0.7307692307692308,
    "support": 27,
    "confused_with": {
      "deny": 3,
      "thanks": 2
    }
  },
  "bot_capabilities": {
    "precision": 0.5384615384615384,
    "recall": 0.7,
    "f1-score": 0.608695652173913,
    "support": 20,
    "confused_with": {
      "bot_limitations": 2,
      "bot_introduction": 2
    }
  },
  "goodbye": {
    "precision": 0.9090909090909091,
    "recall": 1.0,
    "f1-score": 0.9523809523809523,
    "support": 20,
    "confused_with": {}
  },
  "book_consult": {
    "precision": 0.8636363636363636,
    "recall": 1.0,
    "f1-score": 0.9268292682926829,
    "support": 19,
    "confused_with": {}
  },
  "bot_how_to_use": {
    "precision": 0.7894736842105263,
    "recall": 0.8333333333333334,
    "f1-score": 0.8108108108108109,
    "support": 18,
    "confused_with": {
      "bot_capabilities": 2,
      "contact": 1
    }
  },
  "consult": {
    "precision": 0.4,
    "recall": 0.2,
    "f1-score": 0.26666666666666666,
    "support": 10,
    "confused_with": {
      "inform_category": 2,
      "deny": 2
    }
  },
  "bot_limitations": {
    "precision": 0.8260869565217391,
    "recall": 0.9047619047619048,
    "f1-score": 0.8636363636363636,
    "support": 21,
    "confused_with": {
      "send_image": 1,
      "deny": 1
    }
  },
  "deny": {
    "precision": 0.6086956521739131,
    "recall": 0.56,
    "f1-score": 0.5833333333333334,
    "support": 25,
    "confused_with": {
      "affirm": 5,
      "thanks": 1
    }
  },
  "calculate_price": {
    "precision": 0.875,
    "recall": 0.9333333333333333,
    "f1-score": 0.9032258064516129,
    "support": 15,
    "confused_with": {
      "send_image": 1
    }
  },
  "accuracy": 0.8037974683544303,
  "macro avg": {
    "precision": 0.7848960831068086,
    "recall": 0.780794252044252,
    "f1-score": 0.7760321095639371,
    "support": 316
  },
  "weighted avg": {
    "precision": 0.7980182569390256,
    "recall": 0.8037974683544303,
    "f1-score": 0.7954258934748236,
    "support": 316
  },
  "micro avg": {
    "precision": 0.8037974683544303,
    "recall": 0.8037974683544303,
    "f1-score": 0.8037974683544303,
    "support": 316
  }
}